{"count":1,"gauges":{},"self":10.248999999999999,"total":10.292888999999999,"children":{"AgentResetIfDone":{"count":490,"self":0.004111,"total":0.004111,"children":null},"AgentSendState":{"count":490,"self":0.00729,"total":0.013158999999999999,"children":{"CollectObservations":{"count":1968,"self":0.005869,"total":0.005869,"children":null}}},"DecideAction":{"count":490,"self":0.005195,"total":0.005195,"children":null},"AcademyStep":{"count":490,"self":0.00092899999999999992,"total":0.00092899999999999992,"children":null},"AgentAct":{"count":490,"self":0.019427,"total":0.019427,"children":null}}}